,8_de_janeiro_de_2023,abolição,ameaça,armada,associação,atos,atos_antidemocraticos,brasília,conduta,congresso_nacional,considerável,constituído,crime,dano,delito,democrático,depredação,destruição,deterioração,estado,federal,golpe,governo,grave,grupo,inflamável,invasão,legitimamente,manifestante,militar,objetivo,palacio_do_planalto,patrimônio,poder,polícia,praca_dos_tres_poderes,prejuízo,prática,prédio,público,qualificado,relatório,república,réu,sede,substância,tentativa,tombado,violencia,vítima
8_de_janeiro_de_2023,0.0,0.0,0.0,0.0,0.0,0.3271073735913181,0.0,0.21859263001445878,0.0,0.06273751805163404,0.0,0.0,0.05411375790338168,0.0,0.0,0.0,0.0794663311953676,0.0,0.0,0.0,0.15073666362247287,0.0,0.0,0.0,0.0,0.0,0.16266777497887913,0.0,0.0,0.0,0.16000891214963375,0.0,0.0,0.012327449183488663,0.09792866346449368,0.009359073317316238,0.0,0.10927951172107483,0.0,0.11219027461823006,0.0,0.29937430606387716,0.0,0.0,0.12242281008149228,0.0,0.0,0.0,0.0,0.0
abolição,0.0,0.0,0.25022890345216053,0.4320947392931176,0.3939021263866377,0.0,0.0,0.0,0.2094111843209863,0.0,0.38309613172070117,0.007306383376647632,0.23672852770891295,0.3706496225111474,0.19698506722074338,0.45720906081788204,0.0,0.0,0.34417676637519945,0.31891497690433873,0.0,0.3174120371534306,0.0160123887329884,0.24263237456295839,0.0,0.35409224708191095,0.0,0.06127594684231378,0.0,0.0,0.0,0.0,0.27099240722516893,0.0,0.0,0.0,0.2861310560838059,0.2846536555625201,0.0,0.0,0.47498112709766854,0.0,0.11594288898422704,0.10175750886098055,0.0,0.35795613867200626,0.326951046677437,0.35801462237523046,0.34120791365811437,0.3596597140799103
ameaça,0.0,0.25022890345216053,0.0,0.28080004245253776,0.23039123756677204,0.0,0.0,0.0,0.16951948056553007,0.0,0.5842619705704337,0.43579370492752184,0.12665232241307312,0.3286387867799947,0.11780474960360279,0.2547236182955361,0.0,0.10342565226883088,0.4482115215105352,0.20761722436351937,0.0,0.21203544931968987,0.30460773690608606,0.571553205754651,0.0,0.5735719566099492,0.0,0.45850371879635315,0.0,0.0,0.0,0.0,0.3989531843492583,0.002378841683239918,0.0,0.009692433456992739,0.5051502680351612,0.10235496861139767,0.0,0.019471549449416908,0.4422221528771637,0.0,0.0,0.0,0.08796616375242658,0.5783188498618851,0.1589612408393811,0.38986585047722966,0.36350273107492265,0.5543586665770213
armada,0.0,0.4320947392931176,0.28080004245253776,0.0,0.5099113945077323,0.0,0.0,0.0,0.3398425706916014,0.0,0.45363102244159037,0.0,0.27393163857746716,0.43452384628759455,0.08911424702977187,0.3529651555086135,0.0,0.0,0.42864128671599394,0.261156369182819,0.0,0.2876653288520689,0.0,0.3121979120880997,0.0,0.42748942527293377,0.0,0.0,0.0,0.0,0.0,0.0,0.3635585635931423,0.0,0.0,0.0,0.35172609291713747,0.26193842151647867,0.0,0.05916990238245869,0.5547267626082859,0.0,0.0,0.11740362623011472,0.0,0.43746466920854954,0.3175946644806218,0.47393469631432356,0.271287329641652,0.4103604975621957
associação,0.0,0.3939021263866377,0.23039123756677204,0.5099113945077323,0.0,0.03557431755671945,0.2853143892305555,0.0,0.38544874610277186,0.0,0.32186464409525006,0.0,0.344012921604829,0.33006752461449435,0.24281770335846722,0.29445383787549206,0.0,0.0,0.2502405546725375,0.19254577649637017,0.0,0.2186738777047383,0.0,0.19216905006166254,0.0,0.41110668126725003,0.0,0.0,0.0,0.0,0.09076006564017591,0.0,0.22367601290561737,0.0,0.0,0.0,0.21692389691954309,0.39800913582125236,0.0,0.0,0.4437307209840498,0.0,0.0,0.08745581508642727,0.045196297745711024,0.42129827662951097,0.0,0.2780780943351283,0.20793575567910225,0.26727160520498633
atos,0.3271073735913181,0.0,0.0,0.0,0.03557431755671945,0.0,0.0,0.06839154340507854,0.019749680194023383,0.17337998745164976,0.0,0.0,0.03710630093401423,0.0,0.0,0.0,0.39151060222402967,0.07435579289791386,0.0,0.0,0.0013369028618400037,0.0,0.0,0.0,0.0,0.0,0.25943420341586704,0.0,0.0,0.0,0.0,0.0,0.0,0.0,0.0,0.11992473345176333,0.0,0.17046968790239608,0.14564991748418915,0.1520823659858625,0.0,0.11681482044148886,0.0,0.0,0.1268173812932555,0.0,0.02604352657327308,0.0,0.0,0.0
atos_antidemocraticos,0.0,0.0,0.0,0.0,0.2853143892305555,0.0,0.0,0.03386431813664264,0.0,0.0,0.0,0.0,0.1457265428473777,0.0,0.12055639387667426,0.0,0.0,0.0,0.0,0.0,0.03509194655089798,0.0,0.0,0.0,0.0,0.0,0.0,0.0,0.0,0.0,0.0,0.0,0.0,0.02178816106429688,0.07592558148466476,0.0,0.0,0.27730860939165475,0.0,0.0,0.0,0.18612056848767017,0.09407629725412567,0.0,0.1571540755245946,0.0,0.05322764940359262,0.0,0.0,0.0
brasília,0.21859263001445878,0.0,0.0,0.0,0.0,0.06839154340507854,0.03386431813664264,0.0,0.0,0.1684460868703875,0.0,0.0,0.0,0.0,0.0,0.0,0.11580721460717039,0.16433358395320216,0.0,0.0,0.13135935049641073,0.0,0.0,0.0015353553188075459,0.15433292156557588,0.0,0.0,0.01272138919567901,0.0012009121492042628,0.2856726800562906,0.008596895172751362,0.0,0.0,0.0,0.18229984327349927,0.35121178071966935,0.0,0.0,0.05667136286237115,0.0,0.0,0.2567767014641937,0.0,0.0,0.20704028368282723,0.0,0.0,0.0,0.02083527050153415,0.0
conduta,0.0,0.2094111843209863,0.16951948056553007,0.3398425706916014,0.38544874610277186,0.019749680194023383,0.0,0.0,0.0,0.048394488579531006,0.2098835528364734,0.08302498727586863,0.19638908281977774,0.1890602022596188,0.08561280332848006,0.21055436907991582,0.2634736555956616,0.0,0.0,0.1808869121669824,0.0,0.17875689112075105,0.0,0.22204220084495976,0.0,0.282031874464575,0.15070218020383155,0.07026142564099612,0.0,0.0,0.0,0.0,0.058510334841506716,0.0,0.0,0.0,0.09786334356190739,0.32011614581443587,0.06677007865592782,0.0,0.3027084272672288,0.0,0.024164948335195696,0.1537531684297458,0.0,0.29957600310379967,0.012334749627215721,0.0,0.1332782089979166,0.1569175415436167
congresso_nacional,0.06273751805163404,0.0,0.0,0.0,0.0,0.17337998745164976,0.0,0.1684460868703875,0.048394488579531006,0.0,0.12846710822397886,0.03258909802321995,0.043197023801431776,0.0,0.14643067715435085,0.0,0.44833879877698374,0.41630218045520756,0.05888668921360078,0.0,0.0,0.0,0.0069507687053717345,0.0,0.2570284893807955,0.10822076424586226,0.3649655932269649,0.0379872906638064,0.0,0.0,0.32076332027644744,0.3148109788269212,0.1415059250706988,0.12005751513804967,0.0,0.28668741645134893,0.13942315370957012,0.0,0.379036973115057,0.022389364289427276,0.0,0.0,0.07028757434658407,0.0,0.40514696746021384,0.12601449819645918,0.0,0.0,0.018369289219281295,0.05714603988637189
considerável,0.0,0.38309613172070117,0.5842619705704337,0.45363102244159037,0.32186464409525006,0.0,0.0,0.0,0.2098835528364734,0.12846710822397886,0.0,0.0,0.1270380988558993,0.5510141637625164,0.09277500869101263,0.34768447309220724,0.0,0.1866554493020039,0.7260794400970195,0.22794542282831662,0.0,0.26528025457544063,0.0,0.6098537927360865,0.0,0.8398594326389025,0.0,0.0,0.0,0.0,0.0,0.0,0.6599962566448027,0.0,0.0,0.0,0.8295796189351277,0.0,0.0,0.0,0.68087962603409,0.0,0.0,0.0,0.050973499360926065,0.8231734164976959,0.2993485522127414,0.6942448299897181,0.3667407748534499,0.8858796182129661
constituído,0.0,0.007306383376647632,0.43579370492752184,0.0,0.0,0.0,0.0,0.0,0.08302498727586863,0.03258909802321995,0.0,0.0,0.014285743573177606,0.0,0.1626072607437344,0.02944000154669265,0.0,0.22165124760549132,0.025659496403034877,0.1933486660888742,0.0,0.16220806796046713,0.6963643917716914,0.46190155041468883,0.0,0.0,0.0,0.8600005392533496,0.0,0.06309417099391408,0.0,0.0,0.013851158655069846,0.29892681856707964,0.0,0.05194333186945753,0.0,0.0,0.048131022716066375,0.06624141063135949,0.0,0.0,0.0,0.0,0.21820088699613513,0.0,0.04024540399461,0.0,0.28424924837755683,0.0
crime,0.05411375790338168,0.23672852770891295,0.12665232241307312,0.27393163857746716,0.344012921604829,0.03710630093401423,0.1457265428473777,0.0,0.19638908281977774,0.043197023801431776,0.1270380988558993,0.014285743573177606,0.0,0.1520606586663194,0.10411373354334498,0.19370835705476078,0.04359107277694091,0.0,0.12789045800933496,0.1419807196101063,0.0,0.1368780643227714,0.0,0.11207474095013979,0.017296339687688997,0.14031369796847423,0.026024955788251574,0.014610118432077377,0.0,0.0,0.0760912675084467,0.0,0.10243886839451796,0.0,0.0,0.021260474425727635,0.05702760740973342,0.2399760280035588,0.0,0.0,0.23790974071726367,0.0,0.0,0.08562963597792736,0.07837355416440067,0.15042097227337883,0.13475487811525605,0.13858695642645028,0.1390650234575174,0.08919097015806202
dano,0.0,0.3706496225111474,0.3286387867799947,0.43452384628759455,0.33006752461449435,0.0,0.0,0.0,0.1890602022596188,0.0,0.5510141637625164,0.0,0.1520606586663194,0.0,0.2043764503601697,0.32237688102326945,0.0,0.07044506109438332,0.5227924602194857,0.21333426766195293,0.013377529636929815,0.23664786306248078,0.0,0.37031201297015265,0.0,0.5145734888598648,0.0,0.0,0.0,0.0,0.0,0.0,0.4976803663547963,0.0,0.0,0.0,0.5366360559968913,0.16768932402167736,0.0,0.07990106659672512,0.6268363605103049,0.0,0.0,0.009256362738557886,0.0,0.5174393883040068,0.22279853273976571,0.5793390170177531,0.2666305948820331,0.5301195798015212
delito,0.0,0.19698506722074338,0.11780474960360279,0.08911424702977187,0.24281770335846722,0.0,0.12055639387667426,0.0,0.08561280332848006,0.14643067715435085,0.09277500869101263,0.1626072607437344,0.10411373354334498,0.2043764503601697,0.0,0.16336306330768913,0.0,0.07239617610884952,0.14582852083810594,0.1841521619221832,0.0,0.14182214950423866,0.1258778075665579,0.12067490424379297,0.0,0.09136399045188534,0.0,0.14897069311357639,0.0,0.0,0.38232906826567586,0.0,0.13743010811228523,0.05680297515511784,0.0,0.0,0.005513668147925528,0.3093030164873881,0.0,0.0,0.14697029899947486,0.0,0.08555830367656853,0.0,0.0,0.09530379101953376,0.0,0.20946734825975308,0.1015073593704322,0.0915979288916338
democrático,0.0,0.45720906081788204,0.2547236182955361,0.3529651555086135,0.29445383787549206,0.0,0.0,0.0,0.21055436907991582,0.0,0.34768447309220724,0.02944000154669265,0.19370835705476078,0.32237688102326945,0.16336306330768913,0.0,0.0,0.0,0.31370235179798156,0.31977081779393757,0.0,0.28419569480016293,0.005944222954853429,0.25408453264273356,0.0,0.30865471029241853,0.0,0.037954797373068616,0.0,0.002397083974130275,0.09514403510596799,0.0,0.2327677461334031,0.04960151661064401,0.0,0.0,0.2590323468927237,0.21836938230834366,0.0,0.0,0.425858653294855,0.0,0.07849803773072768,0.055500063834092395,0.0,0.3101590064356929,0.2613120289049165,0.3492899445937863,0.28647429982421857,0.3352267150891498
depredação,0.0794663311953676,0.0,0.0,0.0,0.0,0.39151060222402967,0.0,0.11580721460717039,0.2634736555956616,0.44833879877698374,0.0,0.0,0.04359107277694091,0.0,0.0,0.0,0.0,0.0,0.0,0.0,0.011724756628813515,0.0,0.0,0.0,0.0,0.0,0.5870324349600619,0.0,0.14343798269068495,0.19960690354825117,0.0,0.25443041364606345,0.0,0.06145998227373717,0.2690853754732549,0.05982468809607576,0.0,0.0,0.52374122522655,0.26622600184117756,0.0,0.0,0.013651991260845356,0.0,0.3327964247031231,0.0,0.0,0.0,0.0,0.0
destruição,0.0,0.0,0.10342565226883088,0.0,0.0,0.07435579289791386,0.0,0.16433358395320216,0.0,0.41630218045520756,0.1866554493020039,0.22165124760549132,0.0,0.07044506109438332,0.07239617610884952,0.0,0.0,0.0,0.4714842821754761,0.0,0.023673669617256494,0.0,0.1410015501840698,0.21079784522650336,0.18161725090846637,0.42872324708781573,0.131484810938911,0.22109577595773008,0.0,0.0,0.41244911602976914,0.23671025842557367,0.42304499202467133,0.23872659581887207,0.04132160539778497,0.26320528734583115,0.22701613982053265,0.0,0.1973769975710877,0.2741511284500676,0.0,0.0,0.0,0.0,0.35707464765734703,0.4379787076093495,0.0,0.292199492237791,0.08533903993442683,0.07353083651330672
deterioração,0.0,0.34417676637519945,0.4482115215105352,0.42864128671599394,0.2502405546725375,0.0,0.0,0.0,0.0,0.05888668921360078,0.7260794400970195,0.025659496403034877,0.12789045800933496,0.5227924602194857,0.14582852083810594,0.31370235179798156,0.0,0.4714842821754761,0.0,0.2315341200439574,0.0,0.26812177442683194,0.0,0.47954775672682015,0.0,0.6973928754878237,0.0,0.00898618331058794,0.0,0.0,0.0,0.0,0.6508462421623052,0.0,0.0,0.0,0.672150958215028,0.025390566319865804,0.0,0.0,0.6546040675166014,0.0,0.0,0.0,0.15551508140709178,0.6892975292936395,0.1864522983695543,0.8119630733521565,0.32595747208742315,0.744595574088296
estado,0.0,0.31891497690433873,0.20761722436351937,0.261156369182819,0.19254577649637017,0.0,0.0,0.0,0.1808869121669824,0.0,0.22794542282831662,0.1933486660888742,0.1419807196101063,0.21333426766195293,0.1841521619221832,0.31977081779393757,0.0,0.0,0.2315341200439574,0.0,0.0,0.2937416658311779,0.18318200657826086,0.21514754965977018,0.0,0.19434108841627418,0.0,0.20872925619527827,0.0,0.016633581779322077,0.07515786095857248,0.0,0.14556444414397335,0.05371622817959217,0.0,0.0,0.14080914819014556,0.1312782993765701,0.0,0.0,0.31316808952615427,0.0,0.04444872646700234,0.0659067276551196,0.0,0.19639993267955,0.20297901126608495,0.25888720600753995,0.2113581769959431,0.21949674634223518
federal,0.15073666362247287,0.0,0.0,0.0,0.0,0.0013369028618400037,0.03509194655089798,0.13135935049641073,0.0,0.0,0.0,0.0,0.0,0.013377529636929815,0.0,0.0,0.011724756628813515,0.023673669617256494,0.0,0.0,0.0,0.0,0.03470401442869773,0.0,0.0,0.0,0.06873711288744783,0.0,0.0,0.3630063009622537,0.04344846416966552,0.0,0.10414276113479297,0.0,0.5723355807907288,0.1203318580018265,0.03885412081799474,0.0,0.0,0.19276436081996232,0.0,0.450469570098817,0.0,0.0,0.30985312779915686,0.0,0.0,0.0,0.0,0.0
golpe,0.0,0.3174120371534306,0.21203544931968987,0.2876653288520689,0.2186738777047383,0.0,0.0,0.0,0.17875689112075105,0.0,0.26528025457544063,0.16220806796046713,0.1368780643227714,0.23664786306248078,0.14182214950423866,0.28419569480016293,0.0,0.0,0.26812177442683194,0.2937416658311779,0.0,0.0,0.15113023552866506,0.2171446368798363,0.0,0.23084639582409938,0.0,0.164723400344689,0.0,0.05523354012678356,0.0,0.0,0.16984944188384324,0.0,0.0,0.0,0.17822068033140748,0.16283232009512627,0.0,0.0,0.3536081059459939,0.0,0.08667447900728834,0.08505929092939538,0.0,0.2331255576240357,0.2706318766422524,0.29664358238828614,0.20499034559494553,0.25788511784732654
governo,0.0,0.0160123887329884,0.30460773690608606,0.0,0.0,0.0,0.0,0.0,0.0,0.0069507687053717345,0.0,0.6963643917716914,0.0,0.0,0.1258778075665579,0.005944222954853429,0.0,0.1410015501840698,0.0,0.18318200657826086,0.03470401442869773,0.15113023552866506,0.0,0.3287838671036332,0.06497892766294575,0.0,0.0,0.7507863814040376,0.0,0.3216643010285887,0.30837051228030354,0.0,0.0,0.21750218186153686,0.0,0.028008452987070512,0.0,0.0,0.003982882625422567,0.1333985348964464,0.0,0.0,0.12807869205158387,0.0,0.13027881529329552,0.0,0.0,0.0,0.20461777560812341,0.0
grave,0.0,0.24263237456295839,0.571553205754651,0.3121979120880997,0.19216905006166254,0.0,0.0,0.0015353553188075459,0.22204220084495976,0.0,0.6098537927360865,0.46190155041468883,0.11207474095013979,0.37031201297015265,0.12067490424379297,0.25408453264273356,0.0,0.21079784522650336,0.47954775672682015,0.21514754965977018,0.0,0.2171446368798363,0.3287838671036332,0.0,0.0,0.6000545113332979,0.0,0.4866174231832573,0.0,0.0,0.0,0.0,0.4429564451294443,0.014035548674329464,0.0,0.01185348546223845,0.5311283911811575,0.10411664059051697,0.014548740221416575,0.0837730113781029,0.4892280602087231,0.0,0.0,0.0,0.0728284577491824,0.6049755389007495,0.21458934472143396,0.4532099288136062,0.36662338289489205,0.5829925253967027
grupo,0.0,0.0,0.0,0.0,0.0,0.0,0.0,0.15433292156557588,0.0,0.2570284893807955,0.0,0.0,0.017296339687688997,0.0,0.0,0.0,0.0,0.18161725090846637,0.0,0.0,0.0,0.0,0.06497892766294575,0.0,0.0,0.0,0.24926318073810283,0.0,0.0,0.0915694820027822,0.2452561814205231,0.10250573005331703,0.0,0.15447890439966536,0.0,0.09713694734029409,0.0,0.0,0.054220694715002835,0.07356531815561049,0.0,0.0,0.14089624545381438,0.0,0.2724694935372645,0.0,0.0,0.0,0.0,0.0
inflamável,0.0,0.35409224708191095,0.5735719566099492,0.42748942527293377,0.41110668126725003,0.0,0.0,0.0,0.282031874464575,0.10822076424586226,0.8398594326389025,0.0,0.14031369796847423,0.5145734888598648,0.09136399045188534,0.30865471029241853,0.0,0.42872324708781573,0.6973928754878237,0.19434108841627418,0.0,0.23084639582409938,0.0,0.6000545113332979,0.0,0.0,0.0,0.0,0.0,0.0,0.0,0.0,0.6270096375155767,0.0,0.0,0.0,0.7650994140915214,0.00853310626143557,0.0,0.0,0.6510252643708518,0.0,0.0,0.0,0.11876814327703267,1.0,0.0,0.6002096690349576,0.35411044479246073,0.8053959098354867
invasão,0.16266777497887913,0.0,0.0,0.0,0.0,0.25943420341586704,0.0,0.0,0.15070218020383155,0.3649655932269649,0.0,0.0,0.026024955788251574,0.0,0.0,0.0,0.5870324349600619,0.131484810938911,0.0,0.0,0.06873711288744783,0.0,0.0,0.0,0.24926318073810283,0.0,0.0,0.0,0.036381278990137454,0.0,0.0,0.257229122103227,0.0,0.0,0.1641099633835135,0.0,0.001101545984124344,0.0,0.3673577660140842,0.20136800342087405,0.0,0.1141464490465917,0.01229873769987201,0.018975035389289567,0.15218513059436684,0.0,0.0,0.0,0.0,0.0
legitimamente,0.0,0.06127594684231378,0.45850371879635315,0.0,0.0,0.0,0.0,0.01272138919567901,0.07026142564099612,0.0379872906638064,0.0,0.8600005392533496,0.014610118432077377,0.0,0.14897069311357639,0.037954797373068616,0.0,0.22109577595773008,0.00898618331058794,0.20872925619527827,0.0,0.164723400344689,0.7507863814040376,0.4866174231832573,0.0,0.0,0.0,0.0,0.0,0.09209427295250075,0.20396818912973036,0.0,0.020868823384545425,0.189757336312612,0.0,0.09711521293856874,0.0,0.0,0.04541477246796384,0.16015883704455308,0.0,0.0,0.0,0.0,0.20427569953785302,0.0,0.11071922152556977,0.0,0.30875473580265794,0.0
manifestante,0.0,0.0,0.0,0.0,0.0,0.0,0.0,0.0012009121492042628,0.0,0.0,0.0,0.0,0.0,0.0,0.0,0.0,0.14343798269068495,0.0,0.0,0.0,0.0,0.0,0.0,0.0,0.0,0.0,0.036381278990137454,0.0,0.0,0.12935587123562173,0.0,0.25263324191133185,0.0,0.0,0.12487952823382151,0.024131606551585773,0.0,0.0,0.007362351499931496,0.0,0.0,0.0,0.0,0.0,0.0,0.0,0.0,0.0,0.0,0.0
militar,0.0,0.0,0.0,0.0,0.0,0.0,0.0,0.2856726800562906,0.0,0.0,0.0,0.06309417099391408,0.0,0.0,0.0,0.002397083974130275,0.19960690354825117,0.0,0.0,0.016633581779322077,0.3630063009622537,0.05523354012678356,0.3216643010285887,0.0,0.0915694820027822,0.0,0.0,0.09209427295250075,0.12935587123562173,0.0,0.06392108116541154,0.10277821516543932,0.0,0.06458840190832725,0.5279065864183108,0.0,0.0,0.0,0.0,0.0,0.0,0.14167956475351584,0.0,0.0,0.03149085393504814,0.0,0.0,0.0,0.0,0.0
objetivo,0.16000891214963375,0.0,0.0,0.0,0.09076006564017591,0.0,0.0,0.008596895172751362,0.0,0.32076332027644744,0.0,0.0,0.0760912675084467,0.0,0.38232906826567586,0.09514403510596799,0.0,0.41244911602976914,0.0,0.07515786095857248,0.04344846416966552,0.0,0.30837051228030354,0.0,0.2452561814205231,0.0,0.0,0.20396818912973036,0.0,0.06392108116541154,0.0,0.0949256883295846,0.0,0.3439721507118857,0.0,0.271852835309302,0.0,0.019150543021173642,0.0,0.12523263119643574,0.0,0.013383809223909608,0.303788150503676,0.0,0.2955176204234738,0.0,0.0,0.0,0.0,0.0
palacio_do_planalto,0.0,0.0,0.0,0.0,0.0,0.0,0.0,0.0,0.0,0.3148109788269212,0.0,0.0,0.0,0.0,0.0,0.0,0.25443041364606345,0.23671025842557367,0.0,0.0,0.0,0.0,0.0,0.0,0.10250573005331703,0.0,0.257229122103227,0.0,0.25263324191133185,0.10277821516543932,0.0949256883295846,0.0,0.0,0.0,0.12091761855981124,0.0,0.0,0.0,0.2860685558097182,0.06454712062882569,0.0,0.0,0.0,0.0,0.13967700383800197,0.0,0.0,0.0,0.0,0.0
patrimônio,0.0,0.27099240722516893,0.3989531843492583,0.3635585635931423,0.22367601290561737,0.0,0.0,0.0,0.058510334841506716,0.1415059250706988,0.6599962566448027,0.013851158655069846,0.10243886839451796,0.4976803663547963,0.13743010811228523,0.2327677461334031,0.0,0.42304499202467133,0.6508462421623052,0.14556444414397335,0.10414276113479297,0.16984944188384324,0.0,0.4429564451294443,0.0,0.6270096375155767,0.0,0.020868823384545425,0.0,0.0,0.0,0.0,0.0,0.0,0.0,0.0,0.6148224947254638,0.04285570060161281,0.0,0.3158621948494411,0.5687705789000985,0.07746513137889022,0.0,0.0,0.16246348430927396,0.6186957543806249,0.17191016475355558,0.6713576801136314,0.2503958830614927,0.6345371940012174
poder,0.012327449183488663,0.0,0.002378841683239918,0.0,0.0,0.0,0.02178816106429688,0.0,0.0,0.12005751513804967,0.0,0.29892681856707964,0.0,0.0,0.05680297515511784,0.04960151661064401,0.06145998227373717,0.23872659581887207,0.0,0.05371622817959217,0.0,0.0,0.21750218186153686,0.014035548674329464,0.15447890439966536,0.0,0.0,0.189757336312612,0.0,0.06458840190832725,0.3439721507118857,0.0,0.0,0.0,0.0,0.17850847695186672,0.0,0.0,0.02719347461804609,0.029788016235498475,0.0,0.0,0.23007185734490468,0.0,0.33410660065049885,0.0,0.0,0.0,0.03771804553323401,0.0
polícia,0.09792866346449368,0.0,0.0,0.0,0.0,0.0,0.07592558148466476,0.18229984327349927,0.0,0.0,0.0,0.0,0.0,0.0,0.0,0.0,0.2690853754732549,0.04132160539778497,0.0,0.0,0.5723355807907288,0.0,0.0,0.0,0.0,0.0,0.1641099633835135,0.0,0.12487952823382151,0.5279065864183108,0.0,0.12091761855981124,0.0,0.0,0.0,0.0,0.0,0.0,0.0,0.0,0.0,0.3953180256196862,0.0,0.0,0.2618470525023287,0.0,0.0,0.0,0.0,0.0
praca_dos_tres_poderes,0.009359073317316238,0.0,0.009692433456992739,0.0,0.0,0.11992473345176333,0.0,0.35121178071966935,0.0,0.28668741645134893,0.0,0.05194333186945753,0.021260474425727635,0.0,0.0,0.0,0.05982468809607576,0.26320528734583115,0.0,0.0,0.1203318580018265,0.0,0.028008452987070512,0.01185348546223845,0.09713694734029409,0.0,0.0,0.09711521293856874,0.024131606551585773,0.0,0.271852835309302,0.0,0.0,0.17850847695186672,0.0,0.0,0.0,0.0,0.20949995282689324,0.20757672709051242,0.0,0.0,0.01110308214235708,0.035013445135111496,0.32384076156119085,0.0,0.0,0.0,0.06057304646892471,0.0
prejuízo,0.0,0.2861310560838059,0.5051502680351612,0.35172609291713747,0.21692389691954309,0.0,0.0,0.0,0.09786334356190739,0.13942315370957012,0.8295796189351277,0.0,0.05702760740973342,0.5366360559968913,0.005513668147925528,0.2590323468927237,0.0,0.22701613982053265,0.672150958215028,0.14080914819014556,0.03885412081799474,0.17822068033140748,0.0,0.5311283911811575,0.0,0.7650994140915214,0.001101545984124344,0.0,0.0,0.0,0.0,0.0,0.6148224947254638,0.0,0.0,0.0,0.0,0.0,0.0,0.0,0.5938819392027251,0.0,0.0,0.0,0.04881706330872261,0.7479911425372987,0.20579061862921696,0.6409615827337807,0.29159399470514136,0.8272400169254625
prática,0.10927951172107483,0.2846536555625201,0.10235496861139767,0.26193842151647867,0.39800913582125236,0.17046968790239608,0.27730860939165475,0.0,0.32011614581443587,0.0,0.0,0.0,0.2399760280035588,0.16768932402167736,0.3093030164873881,0.21836938230834366,0.0,0.0,0.025390566319865804,0.1312782993765701,0.0,0.16283232009512627,0.0,0.10411664059051697,0.0,0.00853310626143557,0.0,0.0,0.0,0.0,0.019150543021173642,0.0,0.04285570060161281,0.0,0.0,0.0,0.0,0.0,0.0,0.0,0.23322942856165327,0.0,0.0,0.08846443896375716,0.014979836367071172,0.03579316900799818,0.11106341944589701,0.0,0.15193653022277287,0.0
prédio,0.0,0.0,0.0,0.0,0.0,0.14564991748418915,0.0,0.05667136286237115,0.06677007865592782,0.379036973115057,0.0,0.048131022716066375,0.0,0.0,0.0,0.0,0.52374122522655,0.1973769975710877,0.0,0.0,0.0,0.0,0.003982882625422567,0.014548740221416575,0.054220694715002835,0.0,0.3673577660140842,0.04541477246796384,0.007362351499931496,0.0,0.0,0.2860685558097182,0.0,0.02719347461804609,0.0,0.20949995282689324,0.0,0.0,0.0,0.3830066647641834,0.0,0.0,0.0,0.0031229860284147284,0.1977850228709529,0.0,0.0,0.0,0.0,0.0
público,0.11219027461823006,0.0,0.019471549449416908,0.05916990238245869,0.0,0.1520823659858625,0.0,0.0,0.0,0.022389364289427276,0.0,0.06624141063135949,0.0,0.07990106659672512,0.0,0.0,0.26622600184117756,0.2741511284500676,0.0,0.0,0.19276436081996232,0.0,0.1333985348964464,0.0837730113781029,0.07356531815561049,0.0,0.20136800342087405,0.16015883704455308,0.0,0.0,0.12523263119643574,0.06454712062882569,0.3158621948494411,0.029788016235498475,0.0,0.20757672709051242,0.0,0.0,0.3830066647641834,0.0,0.0,0.0,0.0,0.0,0.027709788159573232,0.0,0.0,0.1564306661586418,0.029675851885374888,0.0
qualificado,0.0,0.47498112709766854,0.4422221528771637,0.5547267626082859,0.4437307209840498,0.0,0.0,0.0,0.3027084272672288,0.0,0.68087962603409,0.0,0.23790974071726367,0.6268363605103049,0.14697029899947486,0.425858653294855,0.0,0.0,0.6546040675166014,0.31316808952615427,0.0,0.3536081059459939,0.0,0.4892280602087231,0.0,0.6510252643708518,0.0,0.0,0.0,0.0,0.0,0.0,0.5687705789000985,0.0,0.0,0.0,0.5938819392027251,0.23322942856165327,0.0,0.0,0.0,0.0,0.0,0.09008593432399821,0.0,0.6546285458410606,0.32280423142669207,0.6991063656308303,0.3543839378853735,0.6600308741999371
relatório,0.29937430606387716,0.0,0.0,0.0,0.0,0.11681482044148886,0.18612056848767017,0.2567767014641937,0.0,0.0,0.0,0.0,0.0,0.0,0.0,0.0,0.0,0.0,0.0,0.0,0.450469570098817,0.0,0.0,0.0,0.0,0.0,0.1141464490465917,0.0,0.0,0.14167956475351584,0.013383809223909608,0.0,0.07746513137889022,0.0,0.3953180256196862,0.0,0.0,0.0,0.0,0.0,0.0,0.0,0.0,0.0,0.3086064094695355,0.0,0.0,0.0,0.0,0.0
república,0.0,0.11594288898422704,0.0,0.0,0.0,0.0,0.09407629725412567,0.0,0.024164948335195696,0.07028757434658407,0.0,0.0,0.0,0.0,0.08555830367656853,0.07849803773072768,0.013651991260845356,0.0,0.0,0.04444872646700234,0.0,0.08667447900728834,0.12807869205158387,0.0,0.14089624545381438,0.0,0.01229873769987201,0.0,0.0,0.0,0.303788150503676,0.0,0.0,0.23007185734490468,0.0,0.01110308214235708,0.0,0.0,0.0,0.0,0.0,0.0,0.0,0.04460830907071714,0.31140985745139216,0.0,0.28074100200600766,0.0,0.07041028895236909,0.0
réu,0.0,0.10175750886098055,0.0,0.11740362623011472,0.08745581508642727,0.0,0.0,0.0,0.1537531684297458,0.0,0.0,0.0,0.08562963597792736,0.009256362738557886,0.0,0.055500063834092395,0.0,0.0,0.0,0.0659067276551196,0.0,0.08505929092939538,0.0,0.0,0.0,0.0,0.018975035389289567,0.0,0.0,0.0,0.0,0.0,0.0,0.0,0.0,0.035013445135111496,0.0,0.08846443896375716,0.0031229860284147284,0.0,0.09008593432399821,0.0,0.04460830907071714,0.0,0.0,0.0,0.0,0.00743956672701634,0.05699787809082936,0.0
sede,0.12242281008149228,0.0,0.08796616375242658,0.0,0.045196297745711024,0.1268173812932555,0.1571540755245946,0.20704028368282723,0.0,0.40514696746021384,0.050973499360926065,0.21820088699613513,0.07837355416440067,0.0,0.0,0.0,0.3327964247031231,0.35707464765734703,0.15551508140709178,0.0,0.30985312779915686,0.0,0.13027881529329552,0.0728284577491824,0.2724694935372645,0.11876814327703267,0.15218513059436684,0.20427569953785302,0.0,0.03149085393504814,0.2955176204234738,0.13967700383800197,0.16246348430927396,0.33410660065049885,0.2618470525023287,0.32384076156119085,0.04881706330872261,0.014979836367071172,0.1977850228709529,0.027709788159573232,0.0,0.3086064094695355,0.31140985745139216,0.0,0.0,0.1457092230322976,0.0,0.0,0.04632559065401841,0.0
substância,0.0,0.35795613867200626,0.5783188498618851,0.43746466920854954,0.42129827662951097,0.0,0.0,0.0,0.29957600310379967,0.12601449819645918,0.8231734164976959,0.0,0.15042097227337883,0.5174393883040068,0.09530379101953376,0.3101590064356929,0.0,0.4379787076093495,0.6892975292936395,0.19639993267955,0.0,0.2331255576240357,0.0,0.6049755389007495,0.0,1.0,0.0,0.0,0.0,0.0,0.0,0.0,0.6186957543806249,0.0,0.0,0.0,0.7479911425372987,0.03579316900799818,0.0,0.0,0.6546285458410606,0.0,0.0,0.0,0.1457092230322976,0.0,0.0,0.5865150731205472,0.35735310781413415,0.7877095948848082
tentativa,0.0,0.326951046677437,0.1589612408393811,0.3175946644806218,0.0,0.02604352657327308,0.05322764940359262,0.0,0.012334749627215721,0.0,0.2993485522127414,0.04024540399461,0.13475487811525605,0.22279853273976571,0.0,0.2613120289049165,0.0,0.0,0.1864522983695543,0.20297901126608495,0.0,0.2706318766422524,0.0,0.21458934472143396,0.0,0.0,0.0,0.11071922152556977,0.0,0.0,0.0,0.0,0.17191016475355558,0.0,0.0,0.0,0.20579061862921696,0.11106341944589701,0.0,0.0,0.32280423142669207,0.0,0.28074100200600766,0.0,0.0,0.0,0.0,0.24298631193656442,0.18294857576228296,0.29306343565531506
tombado,0.0,0.35801462237523046,0.38986585047722966,0.47393469631432356,0.2780780943351283,0.0,0.0,0.0,0.0,0.0,0.6942448299897181,0.0,0.13858695642645028,0.5793390170177531,0.20946734825975308,0.3492899445937863,0.0,0.292199492237791,0.8119630733521565,0.25888720600753995,0.0,0.29664358238828614,0.0,0.4532099288136062,0.0,0.6002096690349576,0.0,0.0,0.0,0.0,0.0,0.0,0.6713576801136314,0.0,0.0,0.0,0.6409615827337807,0.0,0.0,0.1564306661586418,0.6991063656308303,0.0,0.0,0.00743956672701634,0.0,0.5865150731205472,0.24298631193656442,0.0,0.2858566966877114,0.7267296182126686
violencia,0.0,0.34120791365811437,0.36350273107492265,0.271287329641652,0.20793575567910225,0.0,0.0,0.02083527050153415,0.1332782089979166,0.018369289219281295,0.3667407748534499,0.28424924837755683,0.1390650234575174,0.2666305948820331,0.1015073593704322,0.28647429982421857,0.0,0.08533903993442683,0.32595747208742315,0.2113581769959431,0.0,0.20499034559494553,0.20461777560812341,0.36662338289489205,0.0,0.35411044479246073,0.0,0.30875473580265794,0.0,0.0,0.0,0.0,0.2503958830614927,0.03771804553323401,0.0,0.06057304646892471,0.29159399470514136,0.15193653022277287,0.0,0.029675851885374888,0.3543839378853735,0.0,0.07041028895236909,0.05699787809082936,0.04632559065401841,0.35735310781413415,0.18294857576228296,0.2858566966877114,0.0,0.34338646051682137
vítima,0.0,0.3596597140799103,0.5543586665770213,0.4103604975621957,0.26727160520498633,0.0,0.0,0.0,0.1569175415436167,0.05714603988637189,0.8858796182129661,0.0,0.08919097015806202,0.5301195798015212,0.0915979288916338,0.3352267150891498,0.0,0.07353083651330672,0.744595574088296,0.21949674634223518,0.0,0.25788511784732654,0.0,0.5829925253967027,0.0,0.8053959098354867,0.0,0.0,0.0,0.0,0.0,0.0,0.6345371940012174,0.0,0.0,0.0,0.8272400169254625,0.0,0.0,0.0,0.6600308741999371,0.0,0.0,0.0,0.0,0.7877095948848082,0.29306343565531506,0.7267296182126686,0.34338646051682137,0.0
